//qr_code,serial_number,page_number,software_version,generation_timestamp
3351343815,v1-9LH4WD11,1,1.0.0.0,12-Dec-13 11:14:44 AM
409357068,v1-22F8E9W9,1,1.0.0.0,12-Dec-13 11:14:44 AM
1850156081,v1-5PXBM199,1,1.0.0.0,12-Dec-13 11:14:44 AM
2569438334,v1-7L2SYPP7,1,1.0.0.0,12-Dec-13 11:14:44 AM
3147178227,v1-949Y6WH1,1,1.0.0.0,12-Dec-13 11:14:44 AM
1284868432,v1-49FN34N5,1,1.0.0.0,12-Dec-13 11:14:44 AM
22546413,v1-2HCDTA0,1,1.0.0.0,12-Dec-13 11:14:44 AM
350827514,v1-WD4TTL0,1,1.0.0.0,12-Dec-13 11:14:44 AM
2790192495,v1-86D7DFR4,2,1.0.0.0,12-Dec-13 11:37:02 AM
2045428452,v1-68FSFAA0,2,1.0.0.0,12-Dec-13 11:37:02 AM
3438456409,v1-9TL2MDB1,2,1.0.0.0,12-Dec-13 11:37:02 AM
1001524966,v1-3HRFNY86,2,1.0.0.0,12-Dec-13 11:37:02 AM
434482763,v1-248H1961,2,1.0.0.0,12-Dec-13 11:37:02 AM
2936604360,v1-8HLNXTD1,2,1.0.0.0,12-Dec-13 11:37:02 AM
3806694917,v1-AS8Y4NL3,2,1.0.0.0,12-Dec-13 11:37:02 AM
3061692818,v1-8WB43Y97,2,1.0.0.0,12-Dec-13 11:37:02 AM
79331319,v1-6F8D418,3,1.0.0.0,12-Dec-13 11:37:02 AM
3682157660,v1-AEKKYNL4,3,1.0.0.0,12-Dec-13 11:37:02 AM
2910726593,v1-8ET277L5,3,1.0.0.0,12-Dec-13 11:37:02 AM
1514116878,v1-4WF33TW9,3,1.0.0.0,12-Dec-13 11:37:02 AM
2272351267,v1-6TASBX23,3,1.0.0.0,12-Dec-13 11:37:02 AM
167681120,v1-CMF37T9,3,1.0.0.0,12-Dec-13 11:37:02 AM
1282486461,v1-49B72MH0,3,1.0.0.0,12-Dec-13 11:37:02 AM
1371547146,v1-4FHRRYD5,3,1.0.0.0,12-Dec-13 11:37:02 AM
4213573151,v1-BTLHMNT3,4,1.0.0.0,12-Dec-13 11:37:02 AM
1024319028,v1-3LBCRFR6,4,1.0.0.0,12-Dec-13 11:37:02 AM
65639273,v1-5HES565,4,1.0.0.0,12-Dec-13 11:37:02 AM
4236972470,v1-BX8KEH95,4,1.0.0.0,12-Dec-13 11:37:02 AM
3875328955,v1-B1343X22,4,1.0.0.0,12-Dec-13 11:37:02 AM
1752307096,v1-5F48CCS3,4,1.0.0.0,12-Dec-13 11:37:02 AM
771930837,v1-2YRF5216,4,1.0.0.0,12-Dec-13 11:37:02 AM
4082412706,v1-BFER2CK8,4,1.0.0.0,12-Dec-13 11:37:02 AM
1502840999,v1-4TNT78P1,5,1.0.0.0,19-Dec-13 6:22:28 PM
2660258220,v1-7TBP4772,5,1.0.0.0,19-Dec-13 6:22:28 PM
3759479441,v1-AN14A896,5,1.0.0.0,19-Dec-13 6:22:28 PM
521706462,v1-2AAMCNH4,5,1.0.0.0,19-Dec-13 6:22:28 PM
1145592083,v1-3XSL3WC2,5,1.0.0.0,19-Dec-13 6:22:28 PM
3404174128,v1-9R7FY180,5,1.0.0.0,19-Dec-13 6:22:28 PM
2408463693,v1-76SXL315,5,1.0.0.0,19-Dec-13 6:22:28 PM
2463831386,v1-7AN4K896,5,1.0.0.0,19-Dec-13 6:22:28 PM
941560527,v1-3CKN7749,6,1.0.0.0,19-Dec-13 6:22:28 PM
2370308,v1-5DCD65,6,1.0.0.0,19-Dec-13 6:22:28 PM
1182827577,v1-42CMTBR3,6,1.0.0.0,19-Dec-13 6:22:28 PM
2976130118,v1-8MC431C2,6,1.0.0.0,19-Dec-13 6:22:28 PM
2748825835,v1-83HBS584,6,1.0.0.0,19-Dec-13 6:22:28 PM
895183016,v1-39BD17F8,6,1.0.0.0,19-Dec-13 6:22:28 PM
1763420133,v1-5FW61LR3,6,1.0.0.0,19-Dec-13 6:22:28 PM
1009751026,v1-3KB1M156,6,1.0.0.0,19-Dec-13 6:22:28 PM
2660013399,v1-7TB8MBR0,7,1.0.0.0,19-Dec-13 6:22:28 PM
1638441724,v1-5761DES8,7,1.0.0.0,19-Dec-13 6:22:28 PM
655101857,v1-2MLMKRP2,7,1.0.0.0,19-Dec-13 6:22:28 PM
3555831534,v1-A5RWXT73,7,1.0.0.0,19-Dec-13 6:22:28 PM
19091011,v1-29WWXE7,7,1.0.0.0,19-Dec-13 6:22:28 PM
2546525888,v1-7HDNWRL4,7,1.0.0.0,19-Dec-13 6:22:28 PM
3399953949,v1-9PXKH1A8,7,1.0.0.0,19-Dec-13 6:22:28 PM
3752990826,v1-AMFWMH73,7,1.0.0.0,19-Dec-13 6:22:28 PM
2096635903,v1-6C464PK4,8,1.0.0.0,19-Dec-13 6:22:28 PM
3275695188,v1-9D8RH218,8,1.0.0.0,19-Dec-13 6:22:28 PM
2243922377,v1-6RBA2S61,8,1.0.0.0,19-Dec-13 6:22:28 PM
1920808726,v1-5XTA66X2,8,1.0.0.0,19-Dec-13 6:22:28 PM
1622078939,v1-56274YP6,8,1.0.0.0,19-Dec-13 6:22:28 PM
4055661688,v1-BDLCXX52,8,1.0.0.0,19-Dec-13 6:22:28 PM
1412485301,v1-4LCSMHC2,8,1.0.0.0,19-Dec-13 6:22:28 PM
2030470658,v1-67EMK3Y1,8,1.0.0.0,19-Dec-13 6:22:28 PM
3546654215,v1-A55LMXF2,9,1.0.0.0,19-Dec-13 6:22:28 PM
616808396,v1-2HYL42C9,9,1.0.0.0,19-Dec-13 6:22:28 PM
2049700721,v1-68STHRF9,9,1.0.0.0,19-Dec-13 6:22:28 PM
2496311742,v1-7CY7PXD9,9,1.0.0.0,19-Dec-13 6:22:28 PM
3459937203,v1-9X4E1HA3,9,1.0.0.0,19-Dec-13 6:22:28 PM
1345451408,v1-4DPN1AL7,9,1.0.0.0,19-Dec-13 6:22:28 PM
901536557,v1-39SBRLT1,9,1.0.0.0,19-Dec-13 6:22:28 PM
412421306,v1-22P25M69,9,1.0.0.0,19-Dec-13 6:22:28 PM
2983274671,v1-8MWH2EE2,10,1.0.0.0,19-Dec-13 6:22:28 PM
2253795748,v1-6S2WMFK6,10,1.0.0.0,19-Dec-13 6:22:28 PM
3629611673,v1-AAXPB5Y8,10,1.0.0.0,19-Dec-13 6:22:28 PM
928397862,v1-3BMXED16,10,1.0.0.0,19-Dec-13 6:22:28 PM
764016907,v1-2Y7L35E9,10,1.0.0.0,19-Dec-13 6:22:28 PM
2997187336,v1-8NTNW3B8,10,1.0.0.0,19-Dec-13 6:22:28 PM
2538200389,v1-7FW2XAS2,10,1.0.0.0,19-Dec-13 6:22:28 PM
3122263378,v1-92K3C5B1,10,1.0.0.0,19-Dec-13 6:22:28 PM
274641719,v1-N4R7KF1,11,1.0.0.0,19-Dec-13 6:22:28 PM
3889859356,v1-B23D9W21,11,1.0.0.0,19-Dec-13 6:22:28 PM
3200443393,v1-9826AYE7,11,1.0.0.0,19-Dec-13 6:22:28 PM
2845983822,v1-8AA6XT74,11,1.0.0.0,19-Dec-13 6:22:28 PM
2333434083,v1-71KPNRH5,11,1.0.0.0,19-Dec-13 6:22:28 PM
488294560,v1-281RX6N5,11,1.0.0.0,19-Dec-13 6:22:28 PM
1893025789,v1-5TX2M686,11,1.0.0.0,19-Dec-13 6:22:28 PM
1147958218,v1-3Y139L28,11,1.0.0.0,19-Dec-13 6:22:28 PM
4140447071,v1-BMFYEKF2,12,1.0.0.0,19-Dec-13 6:22:28 PM
1231618804,v1-45SENB89,12,1.0.0.0,19-Dec-13 6:22:28 PM
525234089,v1-2AK9LNC7,12,1.0.0.0,19-Dec-13 6:22:28 PM
3358576374,v1-9M2PALH2,12,1.0.0.0,19-Dec-13 6:22:28 PM
3915443835,v1-B3TK56A0,12,1.0.0.0,19-Dec-13 6:22:28 PM
2140030680,v1-6F4SS6H5,12,1.0.0.0,19-Dec-13 6:22:28 PM
3529952789,v1-A4175W61,12,1.0.0.0,19-Dec-13 6:22:28 PM
3891329122,v1-B26711S5,12,1.0.0.0,19-Dec-13 6:22:28 PM
1429716967,v1-4ML84Y85,13,1.0.0.0,19-Dec-13 6:22:28 PM
2868741228,v1-8BX25549,13,1.0.0.0,19-Dec-13 6:22:28 PM
4261013969,v1-BYXSX965,13,1.0.0.0,19-Dec-13 6:22:28 PM
1790662430,v1-5KRD32P3,13,1.0.0.0,19-Dec-13 6:22:28 PM
1223464403,v1-4585CLC2,13,1.0.0.0,19-Dec-13 6:22:28 PM
3724794992,v1-AKHT6530,13,1.0.0.0,19-Dec-13 6:22:28 PM
3019010189,v1-8RBRKC66,13,1.0.0.0,19-Dec-13 6:22:28 PM
2168940058,v1-6K57HC84,13,1.0.0.0,19-Dec-13 6:22:28 PM
3416475151,v1-9S3MWSN2,14,1.0.0.0,19-Dec-13 6:22:28 PM
209723332,v1-FKL29S0,14,1.0.0.0,19-Dec-13 6:22:28 PM
1382372217,v1-4HA5R611,14,1.0.0.0,19-Dec-13 6:22:28 PM
2366165382,v1-73WALMW6,14,1.0.0.0,19-Dec-13 6:22:28 PM
3061322667,v1-8WAC9716,14,1.0.0.0,19-Dec-13 6:22:28 PM
955733480,v1-3DKB8T93,14,1.0.0.0,19-Dec-13 6:22:28 PM
494926629,v1-28E8TMW2,14,1.0.0.0,19-Dec-13 6:22:28 PM
550235314,v1-2CAASXN6,14,1.0.0.0,19-Dec-13 6:22:28 PM
2853226647,v1-8ASSX516,15,1.0.0.0,19-Dec-13 6:22:28 PM
1846841788,v1-5PN58LN8,15,1.0.0.0,19-Dec-13 6:22:28 PM
814799585,v1-33R63WC9,15,1.0.0.0,19-Dec-13 6:22:28 PM
798251566,v1-32L2B8S5,15,1.0.0.0,19-Dec-13 6:22:28 PM
365402371,v1-XDHAS56,15,1.0.0.0,19-Dec-13 6:22:28 PM
2607076096,v1-7NMM62X7,15,1.0.0.0,19-Dec-13 6:22:28 PM
4278943069,v1-C26HSBX3,15,1.0.0.0,19-Dec-13 6:22:28 PM
3260962090,v1-9C8321N4,15,1.0.0.0,19-Dec-13 6:22:28 PM
144462655,v1-B2SDEN8,16,1.0.0.0,19-Dec-13 6:22:28 PM
3483069204,v1-9YP17N41,16,1.0.0.0,19-Dec-13 6:22:28 PM
2434548745,v1-78M1W228,16,1.0.0.0,19-Dec-13 6:22:28 PM
1105323094,v1-3T1T77B9,16,1.0.0.0,19-Dec-13 6:22:28 PM
1934819483,v1-5YSN1AT8,16,1.0.0.0,19-Dec-13 6:22:28 PM
98085048,v1-7SH7BH1,16,1.0.0.0,19-Dec-13 6:22:28 PM
1486153717,v1-4SHDCL84,16,1.0.0.0,19-Dec-13 6:22:28 PM
1839387586,v1-5P64HC51,16,1.0.0.0,19-Dec-13 6:22:28 PM
4010399047,v1-BAE8B825,17,1.0.0.0,19-Dec-13 6:22:28 PM
825221772,v1-34ERKDA7,17,1.0.0.0,19-Dec-13 6:22:28 PM
2005913521,v1-65RDY2B8,17,1.0.0.0,19-Dec-13 6:22:28 PM
3765268222,v1-ANC1CYK2,17,1.0.0.0,19-Dec-13 6:22:28 PM
3537800819,v1-A4FYWAY3,17,1.0.0.0,19-Dec-13 6:22:28 PM
1682712272,v1-5A89L8P8,17,1.0.0.0,19-Dec-13 6:22:28 PM
975203949,v1-3EY1E9R6,17,1.0.0.0,19-Dec-13 6:22:28 PM
254892154,v1-LPKT959,17,1.0.0.0,19-Dec-13 6:22:28 PM
1299537903,v1-4AH9ATD4,18,1.0.0.0,19-Dec-13 6:22:28 PM
2461164644,v1-7AF44639,18,1.0.0.0,19-Dec-13 6:22:28 PM
3560655321,v1-A6511T18,18,1.0.0.0,19-Dec-13 6:22:28 PM
50001766,v1-4E3AF80,18,1.0.0.0,19-Dec-13 6:22:28 PM
808072651,v1-339FA8N9,18,1.0.0.0,19-Dec-13 6:22:28 PM
3334585416,v1-9KBKE7H1,18,1.0.0.0,19-Dec-13 6:22:28 PM
2611744901,v1-7P1DBDL2,18,1.0.0.0,19-Dec-13 6:22:28 PM
2928002578,v1-8H2FXCX3,18,1.0.0.0,19-Dec-13 6:22:28 PM
602072695,v1-2FXWDDN3,19,1.0.0.0,19-Dec-13 6:22:28 PM
4098293724,v1-BHKLW3D1,19,1.0.0.0,19-Dec-13 6:22:28 PM
1252438849,v1-478ME428,19,1.0.0.0,19-Dec-13 6:22:28 PM
2772857230,v1-857KP1X9,19,1.0.0.0,19-Dec-13 6:22:28 PM
2679747491,v1-7WPC8E38,19,1.0.0.0,19-Dec-13 6:22:28 PM
548746720,v1-2C7H6YK0,19,1.0.0.0,19-Dec-13 6:22:28 PM
1698274109,v1-5BAK8438,19,1.0.0.0,19-Dec-13 6:22:28 PM
1208503434,v1-4471A2D1,19,1.0.0.0,19-Dec-13 6:22:28 PM
2188273823,v1-6LEKSAL6,20,1.0.0.0,19-Dec-13 6:22:28 PM
1440051636,v1-4NAN6DR6,20,1.0.0.0,19-Dec-13 6:22:28 PM
684866281,v1-2PNMRWS0,20,1.0.0.0,19-Dec-13 6:22:28 PM
3352558134,v1-9LLCK5R5,20,1.0.0.0,19-Dec-13 6:22:28 PM
4244977979,v1-BXSM72L4,20,1.0.0.0,19-Dec-13 6:22:28 PM
2200613656,v1-6MASPCE2,20,1.0.0.0,19-Dec-13 6:22:28 PM
3334806869,v1-9KC1P1F4,20,1.0.0.0,19-Dec-13 6:22:28 PM
3952882978,v1-B6E28289,20,1.0.0.0,19-Dec-13 6:22:28 PM
1625027367,v1-567PXDR5,21,1.0.0.0,19-Dec-13 6:22:28 PM
3076115244,v1-8XB7SS73,21,1.0.0.0,19-Dec-13 6:22:28 PM
2304615441,v1-6XKFK2D7,21,1.0.0.0,19-Dec-13 6:22:28 PM
1717503070,v1-5CMR68S3,21,1.0.0.0,19-Dec-13 6:22:28 PM
1552982163,v1-5176M1W7,21,1.0.0.0,19-Dec-13 6:22:28 PM
3986557104,v1-B8SC3844,21,1.0.0.0,19-Dec-13 6:22:28 PM
2690025421,v1-7XDPD555,21,1.0.0.0,19-Dec-13 6:22:28 PM
1977660378,v1-63S9H1M9,21,1.0.0.0,19-Dec-13 6:22:28 PM
3343349071,v1-9L13NNB2,22,1.0.0.0,19-Dec-13 6:22:28 PM
418136708,v1-234RFNP9,22,1.0.0.0,19-Dec-13 6:22:28 PM
1875455929,v1-5SN11TN4,22,1.0.0.0,19-Dec-13 6:22:28 PM
2561445574,v1-7KERWPK6,22,1.0.0.0,19-Dec-13 6:22:28 PM
3122409067,v1-92KAS185,22,1.0.0.0,19-Dec-13 6:22:28 PM
1276347944,v1-48XM6736,22,1.0.0.0,19-Dec-13 6:22:28 PM
31592037,v1-36D24D1,22,1.0.0.0,19-Dec-13 6:22:28 PM
393689202,v1-21CRE2H9,22,1.0.0.0,19-Dec-13 6:22:28 PM
2780102615,v1-85P7SSF7,23,1.0.0.0,19-Dec-13 6:22:28 PM
2054210684,v1-695AN962,23,1.0.0.0,19-Dec-13 6:22:28 PM
3430197537,v1-9T2F3C70,23,1.0.0.0,19-Dec-13 6:22:28 PM
993531758,v1-3H7ELAF7,23,1.0.0.0,19-Dec-13 6:22:28 PM
409720259,v1-22FXXFC4,23,1.0.0.0,19-Dec-13 6:22:28 PM
2928090176,v1-8H2NBK99,23,1.0.0.0,19-Dec-13 6:22:28 PM
3815747741,v1-ASX12TC5,23,1.0.0.0,19-Dec-13 6:22:28 PM
3069945578,v1-8WXLBL35,23,1.0.0.0,19-Dec-13 6:22:28 PM
69240447,v1-5S8R218,24,1.0.0.0,19-Dec-13 6:22:28 PM
3691470804,v1-AF854XW9,24,1.0.0.0,19-Dec-13 6:22:28 PM
2732593993,v1-82CT57X5,24,1.0.0.0,19-Dec-13 6:22:28 PM
1569034646,v1-52AC6W93,24,1.0.0.0,19-Dec-13 6:22:28 PM
2281132891,v1-6TYAH2B7,24,1.0.0.0,19-Dec-13 6:22:28 PM
158635512,v1-C2EF1A3,24,1.0.0.0,19-Dec-13 6:22:28 PM
1291533109,v1-4A17MAK9,24,1.0.0.0,19-Dec-13 6:22:28 PM
1347300482,v1-4DW5XRT1,24,1.0.0.0,19-Dec-13 6:22:28 PM
4205578375,v1-BT3FEY29,25,1.0.0.0,19-Dec-13 6:22:28 PM
1032573260,v1-3LXY5739,25,1.0.0.0,19-Dec-13 6:22:28 PM
51616497,v1-4K4BF47,25,1.0.0.0,19-Dec-13 6:22:28 PM
4228979262,v1-BWNHBXH6,25,1.0.0.0,19-Dec-13 6:22:28 PM
3846363443,v1-AX2KEN96,25,1.0.0.0,19-Dec-13 6:22:28 PM
1810371344,v1-5M5FBKF4,25,1.0.0.0,19-Dec-13 6:22:28 PM
780451245,v1-31BH1SM2,25,1.0.0.0,19-Dec-13 6:22:28 PM
4090664250,v1-BH398CA5,25,1.0.0.0,19-Dec-13 6:22:28 PM
